year,country,cluster_kmeans_standard,cluster_kmeans_minmax,cluster_kmeans_raw,cluster_ward,cluster_dbscan
2015,Afghanistan,2,1,2,1,-1
2015,Albania,0,2,0,2,0
2015,Algeria,0,2,0,2,0
2015,Angola,2,1,2,1,-1
2015,Argentina,0,2,0,2,0
2015,Armenia,0,2,0,2,0
2015,Australia,1,0,1,0,1
2015,Austria,1,0,1,2,2
2015,Azerbaijan,0,2,0,2,0
2015,Bahrain,1,0,1,2,-1
2015,Bangladesh,2,1,2,1,-1
2015,Belarus,0,2,0,2,0
2015,Belgium,1,0,1,2,2
2015,Benin,2,1,2,1,-1
2015,Bhutan,1,2,0,2,-1
2015,Bolivia,0,2,0,2,0
2015,Bosnia and Herzegovina,0,2,0,2,0
2015,Botswana,2,1,0,1,-1
2015,Brazil,0,2,0,2,0
2015,Bulgaria,0,2,0,2,0
2015,Burkina Faso,2,1,2,1,3
2015,Burundi,2,1,2,1,-1
2015,Cambodia,2,1,2,2,-1
2015,Cameroon,2,1,2,1,3
2015,Canada,1,0,1,0,1
2015,Central African Republic,2,1,2,1,-1
2015,Chad,2,1,2,1,-1
2015,Chile,0,2,1,2,0
2015,China,0,2,0,2,0
2015,Colombia,0,2,0,2,0
2015,Comoros,2,1,2,1,-1
2015,Congo (Brazzaville),2,1,2,1,-1
2015,Congo (Kinshasa),2,1,2,1,-1
2015,Costa Rica,0,2,1,2,0
2015,Croatia,0,2,0,2,0
2015,Cyprus,0,2,1,2,0
2015,Czech Republic,0,2,1,2,0
2015,Denmark,1,0,1,0,1
2015,Djibouti,2,1,2,1,-1
2015,Dominican Republic,0,2,0,2,0
2015,Ecuador,0,2,0,2,0
2015,Egypt,0,2,0,2,0
2015,El Salvador,0,2,0,2,0
2015,Estonia,0,2,1,2,0
2015,Eswatini,2,1,2,1,-1
2015,Ethiopia,2,1,2,1,-1
2015,Finland,1,0,1,0,1
2015,France,0,0,1,2,2
2015,Gabon,0,2,0,2,-1
2015,Georgia,2,1,2,1,-1
2015,Germany,1,0,1,2,2
2015,Ghana,2,1,2,1,-1
2015,Greece,0,2,0,2,-1
2015,Guatemala,0,2,0,2,0
2015,Guinea,2,1,2,1,-1
2015,Haiti,2,1,2,1,-1
2015,Honduras,0,2,0,2,0
2015,Hong Kong,1,0,1,0,-1
2015,Hungary,0,2,0,2,0
2015,Iceland,1,0,1,0,-1
2015,India,2,1,2,1,-1
2015,Indonesia,0,2,0,2,-1
2015,Iran,2,2,0,1,-1
2015,Iraq,0,2,0,2,-1
2015,Ireland,1,0,1,0,1
2015,Israel,0,2,1,2,0
2015,Italy,0,2,1,2,0
2015,Ivory Coast,2,1,2,1,3
2015,Jamaica,0,2,0,2,0
2015,Japan,0,0,1,2,-1
2015,Jordan,0,2,0,2,0
2015,Kazakhstan,0,2,0,2,0
2015,Kenya,2,1,2,2,-1
2015,Kosovo,0,2,0,2,-1
2015,Kuwait,1,0,1,2,-1
2015,Kyrgyzstan,0,2,0,2,-1
2015,Laos,2,1,2,2,-1
2015,Latvia,0,2,0,2,0
2015,Lebanon,0,2,0,2,0
2015,Lesotho,2,1,2,1,3
2015,Liberia,2,1,2,1,-1
2015,Libya,0,2,0,2,0
2015,Lithuania,0,2,0,2,-1
2015,Luxembourg,1,0,1,0,1
2015,Madagascar,2,1,2,1,-1
2015,Malawi,2,1,2,1,-1
2015,Malaysia,0,2,1,2,0
2015,Mali,2,1,2,1,3
2015,Malta,1,0,1,0,-1
2015,Mauritania,2,1,2,1,-1
2015,Mauritius,0,2,0,2,0
2015,Mexico,0,2,0,2,0
2015,Moldova,0,2,0,2,0
2015,Mongolia,0,2,0,2,-1
2015,Montenegro,0,2,0,2,-1
2015,Morocco,0,2,0,1,-1
2015,Mozambique,2,1,2,1,3
2015,Myanmar,2,1,2,2,-1
2015,Nepal,2,1,2,2,-1
2015,Netherlands,1,0,1,0,1
2015,New Zealand,1,0,1,0,1
2015,Nicaragua,0,2,0,2,-1
2015,Niger,2,1,2,1,3
2015,Nigeria,2,1,2,1,-1
2015,North Cyprus,0,2,1,2,0
2015,North Macedonia,0,2,0,2,0
2015,Norway,1,0,1,0,1
2015,Oman,1,0,1,0,1
2015,Pakistan,2,1,2,1,-1
2015,Palestinian Territories,0,2,0,2,-1
2015,Panama,0,2,1,2,0
2015,Paraguay,0,2,0,2,-1
2015,Peru,0,2,0,2,0
2015,Philippines,0,2,0,2,0
2015,Poland,0,2,1,2,0
2015,Portugal,0,2,1,2,0
2015,Qatar,1,0,1,0,-1
2015,Romania,0,2,0,2,0
2015,Russia,0,2,0,2,0
2015,Rwanda,2,1,2,2,-1
2015,Saudi Arabia,0,0,1,2,-1
2015,Senegal,2,1,2,1,3
2015,Serbia,0,2,0,2,0
2015,Sierra Leone,2,1,2,1,3
2015,Singapore,1,0,1,0,-1
2015,Slovakia,0,2,1,2,0
2015,Slovenia,0,2,1,2,0
2015,Somaliland region,2,1,2,2,-1
2015,South Africa,0,2,0,1,-1
2015,South Korea,0,2,1,2,0
2015,Spain,0,2,1,2,0
2015,Sri Lanka,0,2,0,2,0
2015,Sudan,2,1,2,1,-1
2015,Suriname,0,2,0,2,0
2015,Sweden,1,0,1,0,1
2015,Switzerland,1,0,1,0,1
2015,Syria,2,1,2,1,-1
2015,Taiwan,0,2,1,2,0
2015,Tajikistan,2,1,2,1,-1
2015,Tanzania,2,1,2,2,-1
2015,Thailand,1,2,1,2,-1
2015,Togo,2,1,2,1,-1
2015,Trinidad and Tobago,0,2,1,2,-1
2015,Tunisia,0,2,0,2,0
2015,Turkey,0,2,0,2,0
2015,Turkmenistan,0,0,0,2,-1
2015,Uganda,2,1,2,2,-1
2015,Ukraine,0,2,0,2,0
2015,United Arab Emirates,1,0,1,0,1
2015,United Kingdom,1,0,1,0,1
2015,United States,1,0,1,0,2
2015,Uruguay,1,0,1,2,2
2015,Uzbekistan,1,0,0,2,-1
2015,Venezuela,0,2,0,2,0
2015,Vietnam,0,2,0,2,0
2015,Yemen,2,1,2,1,-1
2015,Zambia,2,1,2,1,3
2015,Zimbabwe,2,1,2,1,-1
